,game_id,team,net_pass_yds,net_rush_yds,time_of_possession,net_pen_yds,fumble,interception,turnovers,num_passing_attempts,completions,completion_ratio,ypg,qbr,num_rushing_attempts,is_winner
0,2009091000,PIT,321,36,1850.0,40.0,1.0,2.0,3.0,47.0,33.0,0.7021276595744681,357,78.4131205673759,23,False
1,2009091000,TEN,234,86,1688.0,0.0,1.0,1.0,2.0,36.0,22.0,0.6111111111111112,320,77.77777777777779,25,True
2,2009091304,CLE,179,89,1519.0,10.0,2.0,1.0,3.0,40.0,21.0,0.525,268,62.39583333333334,20,False
3,2009091304,MIN,85,226,2021.0,0.0,0.0,0.0,0.0,26.0,14.0,0.5384615384615384,311,73.3974358974359,36,True
4,2009091307,NO,358,157,1923.0,0.0,1.0,1.0,2.0,34.0,26.0,0.7647058823529411,515,156.25,35,True
5,2009091307,DET,198,34,1395.0,20.0,0.0,1.0,1.0,35.0,16.0,0.45714285714285713,232,51.8452380952381,19,False
6,2009091308,DAL,344,118,1552.0,15.0,0.0,0.0,0.0,28.0,16.0,0.5714285714285714,462,136.60714285714286,24,True
7,2009091308,TB,276,174,1960.0,0.0,1.0,0.0,1.0,42.0,25.0,0.5952380952380952,450,87.00396825396824,31,False
8,2009091305,HOU,145,38,1206.0,0.0,1.0,1.0,2.0,35.0,18.0,0.5142857142857142,183,50.29761904761904,13,False
9,2009091305,NYJ,272,196,1899.0,5.0,2.0,0.0,2.0,30.0,18.0,0.6,468,100.97222222222221,40,True
10,2009091306,IND,294,75,1983.0,7.0,1.0,1.0,2.0,39.0,28.0,0.717948717948718,369,91.18589743589745,28,True
11,2009091306,JAC,114,114,1572.0,20.0,0.0,0.0,0.0,29.0,14.0,0.4827586206896552,228,58.69252873563219,27,False
12,2009091303,DEN,227,75,1525.0,10.0,0.0,0.0,0.0,32.0,17.0,0.53125,302,86.328125,20,True
13,2009091303,CIN,221,86,1966.0,10.0,1.0,2.0,3.0,36.0,21.0,0.5833333333333334,307,53.125000000000014,27,False
14,2009091302,CAR,83,87,1681.0,0.0,2.0,5.0,7.0,39.0,14.0,0.358974358974359,170,-12.553418803418797,29,False
15,2009091302,PHI,82,186,1913.0,15.0,2.0,1.0,3.0,31.0,17.0,0.5483870967741935,268,66.86827956989247,31,True
16,2009091301,KC,159,29,941.0,0.0,1.0,0.0,1.0,27.0,16.0,0.5925925925925926,188,100.69444444444444,17,False
17,2009091301,BAL,303,198,2403.0,10.0,1.0,1.0,2.0,44.0,26.0,0.5909090909090909,501,93.27651515151516,41,True
18,2009091300,ATL,213,72,1687.0,25.0,0.0,0.0,0.0,38.0,22.0,0.5789473684210527,285,91.2280701754386,24,True
19,2009091300,MIA,163,96,1742.0,0.0,3.0,1.0,4.0,33.0,21.0,0.6363636363636364,259,73.16919191919192,22,False
20,2009091309,ARI,259,40,1587.0,0.0,1.0,2.0,3.0,44.0,26.0,0.5909090909090909,299,64.48863636363637,17,False
21,2009091309,SF,182,21,1908.0,0.0,1.0,0.0,1.0,35.0,18.0,0.5142857142857142,203,76.1309523809524,25,True
22,2009091311,SEA,279,167,1949.0,0.0,1.0,2.0,3.0,36.0,25.0,0.6944444444444444,446,96.875,34,True
23,2009091311,STL,170,77,1557.0,55.0,1.0,0.0,1.0,39.0,17.0,0.4358974358974359,247,56.57051282051282,18,False
24,2009091310,NYG,248,106,2134.0,0.0,2.0,1.0,3.0,30.0,20.0,0.6666666666666666,354,89.30555555555556,29,False
25,2009091310,WAS,187,85,1413.0,12.0,3.0,1.0,4.0,29.0,19.0,0.6551724137931034,272,80.67528735632185,21,True
26,2009091312,GB,152,78,1575.0,0.0,0.0,0.0,0.0,33.0,17.0,0.5151515151515151,230,74.30555555555557,20,True
27,2009091312,CHI,266,86,1932.0,15.0,0.0,4.0,4.0,37.0,17.0,0.4594594594594595,352,34.29054054054054,31,False
28,2009091400,NE,368,73,2013.0,25.0,0.0,1.0,1.0,56.0,39.0,0.6964285714285714,441,91.96428571428572,23,True
29,2009091400,BUF,186,90,1294.0,15.0,1.0,0.0,1.0,29.0,15.0,0.5172413793103449,276,94.89942528735634,19,False
30,2009091401,OAK,218,148,1901.0,0.0,1.0,2.0,3.0,32.0,14.0,0.4375,366,51.302083333333336,32,False
31,2009091401,SD,240,78,1658.0,0.0,1.0,1.0,2.0,39.0,24.0,0.6153846153846154,318,76.86965811965813,22,True
32,2009092000,CAR,296,144,1659.0,0.0,2.0,1.0,3.0,42.0,25.0,0.5952380952380952,440,79.06746031746032,25,False
33,2009092000,ATL,220,151,1871.0,15.0,1.0,1.0,2.0,27.0,21.0,0.7777777777777778,371,122.45370370370372,37,True
34,2009092001,MIN,153,115,1694.0,23.0,2.0,0.0,2.0,31.0,24.0,0.7741935483870968,268,108.66935483870968,22,True
35,2009092001,DET,136,129,1791.0,19.0,2.0,2.0,4.0,32.0,18.0,0.5625,265,51.041666666666664,34,False
36,2009092008,WAS,237,129,2016.0,5.0,2.0,0.0,2.0,37.0,23.0,0.6216216216216216,366,80.57432432432434,30,True
37,2009092008,STL,119,126,1453.0,10.0,2.0,0.0,2.0,29.0,15.0,0.5172413793103449,245,73.77873563218391,21,False
38,2009092007,HOU,357,65,1991.0,20.0,2.0,0.0,2.0,39.0,25.0,0.6410256410256411,422,127.83119658119656,27,True
39,2009092007,TEN,209,240,1428.0,0.0,1.0,1.0,2.0,34.0,21.0,0.6176470588235294,449,86.51960784313727,26,False
40,2009092006,NO,288,133,1854.0,0.0,2.0,1.0,3.0,36.0,25.0,0.6944444444444444,421,109.49074074074075,29,True
41,2009092006,PHI,378,85,1490.0,0.0,0.0,3.0,3.0,54.0,31.0,0.5740740740740741,463,68.28703703703702,21,False
42,2009092005,NE,216,83,1836.0,0.0,0.0,1.0,1.0,46.0,23.0,0.5,299,54.257246376811594,20,False
43,2009092005,NYJ,137,119,1714.0,0.0,2.0,0.0,2.0,24.0,14.0,0.5833333333333334,256,88.36805555555554,29,True
44,2009092004,OAK,99,70,1260.0,15.0,0.0,0.0,0.0,26.0,7.0,0.2692307692307692,169,40.38461538461538,22,True
45,2009092004,KC,236,173,2163.0,25.0,0.0,2.0,2.0,41.0,24.0,0.5853658536585366,409,62.65243902439024,38,False
46,2009092003,ARI,265,122,1778.0,0.0,3.0,0.0,3.0,32.0,27.0,0.84375,387,127.734375,24,True
47,2009092003,JAC,280,92,1710.0,0.0,4.0,1.0,5.0,47.0,23.0,0.48936170212765956,372,73.00531914893617,20,False
48,2009092002,GB,222,89,1380.0,21.0,2.0,0.0,2.0,44.0,21.0,0.4772727272727273,311,70.45454545454545,18,False
49,2009092002,CIN,168,151,2042.0,7.0,2.0,2.0,4.0,25.0,15.0,0.6,319,86.75,34,True
50,2009092010,SEA,217,66,1481.0,15.0,2.0,1.0,3.0,42.0,25.0,0.5952380952380952,283,71.23015873015873,23,False
51,2009092010,SF,123,256,2096.0,0.0,2.0,0.0,2.0,31.0,19.0,0.6129032258064516,379,69.69086021505376,29,True
52,2009092009,TB,296,57,1716.0,55.0,1.0,1.0,2.0,52.0,26.0,0.5,353,78.68589743589745,19,True
53,2009092009,BUF,220,218,1758.0,0.0,1.0,1.0,2.0,33.0,21.0,0.6363636363636364,438,90.46717171717171,35,False
54,2009092013,SD,421,53,1869.0,5.0,1.0,2.0,3.0,46.0,25.0,0.5434782608695652,474,81.88405797101449,21,False
55,2009092013,BAL,181,130,1719.0,0.0,1.0,1.0,2.0,28.0,18.0,0.6428571428571429,311,91.51785714285715,32,True
56,2009092012,CLE,146,55,1632.0,15.0,2.0,1.0,3.0,35.0,18.0,0.5142857142857142,201,50.41666666666666,20,False
57,2009092012,DEN,263,188,1958.0,30.0,0.0,0.0,0.0,37.0,19.0,0.5135135135135135,451,83.50225225225225,36,True
58,2009092011,CHI,232,44,1579.0,15.0,1.0,0.0,1.0,38.0,27.0,0.7105263157894737,276,104.2763157894737,17,False
59,2009092011,PIT,203,106,1828.0,0.0,0.0,0.0,0.0,36.0,23.0,0.6388888888888888,309,88.07870370370371,21,True
60,2009092014,DAL,127,251,1459.0,0.0,0.0,3.0,3.0,29.0,13.0,0.4482758620689655,378,26.07758620689655,29,True
61,2009092014,NYG,330,97,1894.0,15.0,0.0,0.0,0.0,38.0,25.0,0.6578947368421053,427,110.63596491228071,26,False
62,2009092100,IND,295,61,840.0,0.0,0.0,0.0,0.0,24.0,14.0,0.5833333333333334,356,129.6875,11,True
63,2009092100,MIA,164,239,2533.0,0.0,1.0,1.0,2.0,33.0,22.0,0.6666666666666666,403,65.71969696969697,49,False
64,2009092700,CLE,115,71,1655.0,26.0,0.0,3.0,3.0,28.0,17.0,0.6071428571428571,186,25.148809523809522,23,False
65,2009092700,BAL,337,142,1904.0,10.0,1.0,0.0,1.0,38.0,26.0,0.6842105263157895,479,104.82456140350878,28,True
66,2009092711,NYJ,146,87,1871.0,0.0,2.0,1.0,3.0,33.0,17.0,0.5151515151515151,233,71.02272727272727,28,True
67,2009092711,TEN,159,127,1642.0,0.0,0.0,2.0,2.0,39.0,15.0,0.38461538461538464,286,38.30128205128205,30,False
68,2009092702,DET,227,154,1803.0,15.0,1.0,0.0,1.0,37.0,21.0,0.5675675675675675,381,83.95270270270271,36,True
69,2009092702,WAS,325,65,1290.0,0.0,2.0,1.0,3.0,42.0,27.0,0.6428571428571429,390,93.84920634920636,14,False
70,2009092703,HOU,286,111,1782.0,30.0,1.0,1.0,2.0,37.0,26.0,0.7027027027027027,397,108.61486486486487,22,False
71,2009092703,JAC,214,187,1703.0,15.0,1.0,0.0,1.0,30.0,18.0,0.6,401,81.80555555555556,28,True
72,2009092704,SF,188,58,1678.0,15.0,1.0,1.0,2.0,25.0,15.0,0.6,246,93.41666666666667,26,False
73,2009092704,MIN,283,94,1806.0,11.0,0.0,1.0,1.0,45.0,24.0,0.5333333333333333,377,78.28703703703704,27,True
74,2009092705,ATL,199,59,1188.0,0.0,1.0,0.0,1.0,28.0,17.0,0.6071428571428571,258,82.29166666666666,16,False
75,2009092705,NE,277,170,2035.0,0.0,0.0,0.0,0.0,42.0,25.0,0.5952380952380952,447,87.10317460317461,37,True
76,2009092708,NYG,171,228,2318.0,0.0,0.0,0.0,0.0,27.0,16.0,0.5925925925925926,399,102.54629629629628,47,True
77,2009092708,TB,58,29,957.0,10.0,0.0,1.0,1.0,26.0,11.0,0.4230769230769231,87,30.608974358974354,9,False
78,2009092706,PHI,327,95,1757.0,0.0,2.0,0.0,2.0,36.0,24.0,0.6666666666666666,422,114.00462962962965,25,True
79,2009092706,KC,97,99,1733.0,10.0,2.0,0.0,2.0,22.0,15.0,0.6818181818181818,196,107.57575757575759,29,False
80,2009092707,STL,187,149,1744.0,5.0,2.0,1.0,3.0,36.0,19.0,0.5277777777777778,336,74.65277777777779,33,False
81,2009092707,GB,250,155,1731.0,15.0,0.0,0.0,0.0,25.0,13.0,0.52,405,113.75,34,True
82,2009092709,NO,156,226,2030.0,47.0,1.0,0.0,1.0,31.0,16.0,0.5161290322580645,382,66.06182795698925,34,True
83,2009092709,BUF,154,89,1480.0,40.0,0.0,1.0,1.0,39.0,21.0,0.5384615384615384,243,61.271367521367516,21,False
84,2009092710,CHI,235,86,1815.0,30.0,3.0,1.0,4.0,30.0,21.0,0.7,321,112.5,27,True
85,2009092710,SEA,243,103,1766.0,15.0,2.0,1.0,3.0,47.0,26.0,0.5531914893617021,346,67.95212765957447,28,False
86,2009092701,CIN,175,100,1441.0,0.0,0.0,0.0,0.0,39.0,20.0,0.5128205128205128,275,72.0619658119658,19,False
87,2009092701,PIT,271,102,2083.0,0.0,0.0,1.0,1.0,32.0,22.0,0.6875,373,92.05729166666666,28,True
88,2009092713,SD,286,69,1457.0,0.0,1.0,0.0,1.0,35.0,18.0,0.5142857142857142,355,78.98809523809524,28,False
89,2009092713,MIA,140,149,1931.0,15.0,1.0,1.0,2.0,32.0,18.0,0.5625,289,54.166666666666664,31,True
90,2009092712,OAK,42,95,1355.0,14.0,3.0,2.0,5.0,24.0,12.0,0.5,137,16.31944444444445,23,False
91,2009092712,DEN,157,216,2004.0,10.0,1.0,0.0,1.0,23.0,13.0,0.5652173913043478,373,92.11956521739131,44,True
92,2009092714,IND,379,126,1912.0,40.0,1.0,1.0,2.0,35.0,24.0,0.6857142857142857,505,130.53571428571428,31,True
93,2009092714,ARI,299,24,1658.0,5.0,3.0,2.0,5.0,58.0,32.0,0.5517241379310345,323,60.91954022988505,12,False
94,2009092800,DAL,237,214,2218.0,0.0,0.0,0.0,0.0,34.0,22.0,0.6470588235294118,451,85.04901960784315,30,True
95,2009092800,CAR,198,74,1368.0,30.0,2.0,2.0,4.0,36.0,22.0,0.6111111111111112,272,62.037037037037045,15,False
96,2009100400,DET,308,90,2057.0,0.0,1.0,1.0,2.0,52.0,30.0,0.5769230769230769,398,73.23717948717947,26,False
97,2009100400,CHI,125,151,1395.0,13.0,2.0,0.0,2.0,30.0,18.0,0.6,276,91.66666666666666,20,True
98,2009100401,CIN,221,154,1936.0,0.0,1.0,1.0,2.0,45.0,23.0,0.5111111111111111,375,70.69444444444444,29,False
99,2009100401,CLE,249,146,2330.0,0.0,1.0,1.0,2.0,49.0,26.0,0.5306122448979592,395,65.77380952380952,33,True
100,2009100402,HOU,209,124,1647.0,5.0,1.0,0.0,1.0,25.0,11.0,0.44,333,86.91666666666666,38,True
101,2009100402,OAK,120,45,1502.0,15.0,2.0,0.0,2.0,35.0,12.0,0.34285714285714286,165,44.94047619047619,22,False
102,2009100403,SEA,230,51,1844.0,15.0,2.0,0.0,2.0,50.0,33.0,0.66,281,82.91666666666666,18,False
103,2009100403,IND,353,79,1750.0,0.0,1.0,1.0,2.0,41.0,31.0,0.7560975609756098,432,107.0630081300813,21,True
104,2009100404,TEN,284,97,1545.0,15.0,1.0,2.0,3.0,49.0,29.0,0.5918367346938775,381,65.34863945578232,20,False
105,2009100404,JAC,305,140,1853.0,0.0,1.0,0.0,1.0,39.0,27.0,0.6923076923076923,445,118.00213675213675,27,True
106,2009100405,NYG,273,156,1724.0,15.0,1.0,1.0,2.0,37.0,20.0,0.5405405405405406,429,93.63738738738739,33,True
107,2009100405,KC,88,105,1756.0,15.0,4.0,0.0,4.0,37.0,15.0,0.40540540540540543,193,63.79504504504505,26,False
108,2009100406,NE,234,87,2053.0,15.0,1.0,0.0,1.0,35.0,21.0,0.6,321,89.46428571428572,28,True
109,2009100406,BAL,247,116,1494.0,15.0,0.0,1.0,1.0,48.0,27.0,0.5625,363,75.60763888888889,17,False
110,2009100407,WAS,152,131,1730.0,10.0,2.0,2.0,4.0,24.0,12.0,0.5,283,63.19444444444445,32,False
111,2009100407,TB,100,129,1589.0,0.0,1.0,1.0,2.0,25.0,13.0,0.52,229,58.75,30,True
112,2009100408,BUF,160,46,1338.0,0.0,1.0,3.0,4.0,32.0,14.0,0.4375,206,30.729166666666668,17,False
113,2009100408,MIA,86,251,2149.0,0.0,3.0,0.0,3.0,28.0,14.0,0.5,337,68.45238095238095,44,True
114,2009100409,NO,190,155,1890.0,30.0,2.0,0.0,2.0,32.0,20.0,0.625,345,78.90625,30,False
115,2009100409,NYJ,112,132,1638.0,0.0,1.0,2.0,3.0,30.0,14.0,0.4666666666666667,244,28.750000000000004,27,True
116,2009100410,DAL,241,74,1890.0,35.0,2.0,1.0,3.0,46.0,25.0,0.5434782608695652,315,60.14492753623188,25,False
117,2009100410,DEN,221,117,1616.0,0.0,2.0,0.0,2.0,32.0,20.0,0.625,338,103.77604166666667,24,True
118,2009100411,STL,82,95,1748.0,5.0,1.0,1.0,2.0,29.0,13.0,0.4482758620689655,177,36.85344827586207,28,False
119,2009100411,SF,132,98,1742.0,10.0,0.0,0.0,0.0,27.0,14.0,0.5185185185185185,230,90.35493827160494,27,True
120,2009100412,PIT,320,179,2435.0,0.0,2.0,0.0,2.0,37.0,27.0,0.7297297297297297,499,125.9572072072072,34,True
121,2009100412,SD,235,16,1153.0,0.0,1.0,0.0,1.0,39.0,21.0,0.5384615384615384,251,97.70299145299145,8,False
122,2009100500,GB,342,82,1662.0,15.0,1.0,1.0,2.0,46.0,26.0,0.5652173913043478,424,85.59782608695653,17,False
123,2009100500,MIN,271,65,1875.0,0.0,1.0,0.0,1.0,32.0,24.0,0.75,336,131.11979166666669,28,True
124,2009101107,MIN,288,89,1578.0,30.0,0.0,1.0,1.0,29.0,21.0,0.7241379310344828,377,100.93390804597702,24,True
125,2009101107,STL,278,122,1818.0,12.0,3.0,1.0,4.0,40.0,27.0,0.675,400,85.20833333333334,30,False
126,2009101106,TB,218,85,1971.0,0.0,2.0,3.0,5.0,53.0,26.0,0.49056603773584906,303,49.09591194968554,22,False
127,2009101106,PHI,249,78,1502.0,27.0,1.0,0.0,1.0,27.0,17.0,0.6296296296296297,327,130.01543209876542,19,True
128,2009101104,DAL,348,151,1827.0,0.0,1.0,0.0,1.0,35.0,20.0,0.5714285714285714,499,110.17857142857143,25,True
129,2009101104,KC,232,72,1960.0,0.0,0.0,0.0,0.0,45.0,23.0,0.5111111111111111,304,80.97222222222223,29,False
130,2009101103,PIT,262,85,1575.0,0.0,1.0,1.0,2.0,32.0,23.0,0.71875,347,114.32291666666667,18,True
131,2009101103,DET,225,110,1918.0,0.0,4.0,1.0,5.0,43.0,23.0,0.5348837209302325,335,66.52131782945736,25,False
132,2009101102,CAR,164,88,1463.0,0.0,3.0,1.0,4.0,28.0,16.0,0.5714285714285714,252,71.13095238095238,30,True
133,2009101102,WAS,124,74,1796.0,0.0,2.0,0.0,2.0,28.0,17.0,0.6071428571428571,198,83.03571428571428,24,True
134,2009101101,CLE,22,171,1602.0,0.0,0.0,1.0,1.0,18.0,2.0,0.1111111111111111,193,-6.712962962962961,41,True
135,2009101101,BUF,143,145,1883.0,30.0,1.0,1.0,2.0,33.0,16.0,0.48484848484848486,288,47.91666666666667,35,False
136,2009101105,NYG,263,220,2200.0,15.0,2.0,0.0,2.0,23.0,17.0,0.7391304347826086,483,140.30797101449278,41,True
137,2009101105,OAK,64,60,1321.0,0.0,3.0,0.0,3.0,19.0,8.0,0.42105263157894735,124,51.20614035087719,25,False
138,2009101100,CIN,261,143,2076.0,0.0,2.0,1.0,3.0,31.0,18.0,0.5806451612903226,404,82.86290322580646,33,True
139,2009101100,BAL,175,82,1438.0,0.0,0.0,2.0,2.0,33.0,22.0,0.6666666666666666,257,64.58333333333334,18,False
140,2009101108,ATL,329,149,2202.0,30.0,4.0,1.0,5.0,32.0,22.0,0.6875,478,110.02604166666667,38,True
141,2009101108,SF,179,100,1296.0,24.0,0.0,1.0,1.0,41.0,15.0,0.36585365853658536,279,40.59959349593496,17,False
142,2009101111,SEA,236,146,1394.0,0.0,2.0,0.0,2.0,31.0,18.0,0.5806451612903226,382,125.2016129032258,37,True
143,2009101111,JAC,161,38,1481.0,15.0,2.0,0.0,2.0,37.0,19.0,0.5135135135135135,199,63.00675675675676,15,False
144,2009101110,DEN,321,103,1914.0,0.0,1.0,1.0,2.0,49.0,35.0,0.7142857142857143,424,94.00510204081633,25,True
145,2009101110,NE,209,97,1680.0,30.0,2.0,0.0,2.0,34.0,19.0,0.5588235294117647,306,93.87254901960786,26,False
146,2009101109,HOU,371,45,2008.0,0.0,1.0,1.0,2.0,50.0,35.0,0.7,416,96.33333333333333,21,True
147,2009101109,ARI,296,44,1581.0,0.0,1.0,0.0,1.0,39.0,26.0,0.6666666666666666,340,106.3568376068376,16,False
148,2009101112,IND,309,58,2007.0,0.0,0.0,1.0,1.0,44.0,36.0,0.8181818181818182,367,112.78409090909092,23,True
149,2009101112,TEN,155,91,1552.0,45.0,1.0,1.0,2.0,36.0,19.0,0.5277777777777778,246,52.43055555555556,20,False
150,2009101200,MIA,262,151,2010.0,0.0,0.0,0.0,0.0,28.0,21.0,0.75,413,127.38095238095238,36,True
151,2009101200,NYJ,171,138,1531.0,15.0,0.0,0.0,0.0,23.0,12.0,0.5217391304347826,309,91.03260869565219,30,False
152,2009101800,CIN,250,46,1424.0,10.0,2.0,1.0,3.0,36.0,23.0,0.6388888888888888,296,81.94444444444443,17,False
153,2009101800,HOU,385,89,2079.0,10.0,2.0,1.0,3.0,42.0,28.0,0.6666666666666666,474,117.65873015873017,29,True
154,2009101801,GB,328,108,1969.0,45.0,3.0,1.0,4.0,41.0,29.0,0.7073170731707317,436,100.45731707317074,28,True
155,2009101801,DET,71,78,1130.0,15.0,0.0,3.0,3.0,30.0,11.0,0.36666666666666664,149,0.8333333333333323,18,False
156,2009101802,STL,207,55,1476.0,0.0,0.0,1.0,1.0,34.0,22.0,0.6470588235294118,262,78.921568627451,18,False
157,2009101802,JAC,326,167,2078.0,0.0,1.0,2.0,3.0,46.0,30.0,0.6521739130434783,493,67.84420289855072,37,True
158,2009101803,MIN,259,167,2104.0,0.0,0.0,0.0,0.0,32.0,21.0,0.65625,426,121.74479166666667,31,False
159,2009101803,BAL,367,81,1276.0,0.0,1.0,0.0,1.0,45.0,28.0,0.6222222222222222,448,102.73148148148148,18,True
160,2009101804,NO,360,133,2192.0,15.0,1.0,0.0,1.0,31.0,23.0,0.7419354838709677,493,155.30913978494624,39,True
161,2009101804,NYG,241,85,1340.0,0.0,1.0,1.0,2.0,37.0,18.0,0.4864864864864865,326,76.52027027027027,18,False
162,2009101805,PIT,403,143,1991.0,0.0,3.0,1.0,4.0,38.0,23.0,0.6052631578947368,546,103.2894736842105,33,True
163,2009101805,CLE,106,92,1358.0,15.0,2.0,2.0,4.0,28.0,9.0,0.32142857142857145,198,26.785714285714285,22,False
164,2009101806,CAR,55,267,1957.0,0.0,1.0,2.0,3.0,18.0,9.0,0.5,322,28.703703703703702,48,True
165,2009101806,TB,121,125,1604.0,5.0,5.0,1.0,6.0,21.0,11.0,0.5238095238095238,246,49.90079365079366,24,False
166,2009101807,KC,158,111,2234.0,5.0,1.0,0.0,1.0,37.0,17.0,0.4594594594594595,269,58.16441441441441,34,True
167,2009101807,WAS,146,118,1223.0,25.0,3.0,1.0,4.0,32.0,16.0,0.5,264,49.73958333333333,20,False
168,2009101808,OAK,209,121,1846.0,0.0,0.0,2.0,2.0,30.0,17.0,0.5666666666666667,330,61.66666666666667,32,False
169,2009101808,PHI,216,67,1631.0,13.0,1.0,0.0,1.0,51.0,22.0,0.43137254901960786,283,55.6781045751634,14,True
170,2009101809,ARI,282,62,2546.0,0.0,1.0,1.0,2.0,45.0,34.0,0.7555555555555555,344,96.71296296296296,26,True
171,2009101809,SEA,114,14,984.0,15.0,1.0,1.0,2.0,34.0,11.0,0.3235294117647059,128,30.75980392156863,11,False
172,2009101810,TEN,-7,195,1213.0,40.0,6.0,2.0,8.0,14.0,2.0,0.14285714285714285,188,-47.61904761904761,34,False
173,2009101810,NE,426,200,2374.0,15.0,0.0,0.0,0.0,47.0,38.0,0.8085106382978723,626,149.77836879432624,27,True
174,2009101811,NYJ,96,318,1945.0,25.0,1.0,6.0,7.0,32.0,10.0,0.3125,414,-37.5,40,False
175,2009101811,BUF,154,142,1822.0,15.0,0.0,1.0,1.0,32.0,15.0,0.46875,296,58.59375,42,True
176,2009101812,ATL,185,69,1258.0,0.0,2.0,2.0,4.0,33.0,19.0,0.5757575757575758,254,68.37121212121214,22,True
177,2009101812,CHI,290,83,2033.0,0.0,2.0,2.0,4.0,45.0,27.0,0.6,373,75.2314814814815,23,False
178,2009101900,SD,238,73,1761.0,19.0,4.0,0.0,4.0,38.0,20.0,0.5263157894736842,311,80.81140350877193,21,False
179,2009101900,DEN,227,101,1665.0,4.0,1.0,0.0,1.0,30.0,20.0,0.6666666666666666,328,111.38888888888887,33,True
180,2009102506,TB,151,89,1591.0,15.0,1.0,3.0,4.0,32.0,11.0,0.34375,240,21.744791666666664,26,False
181,2009102506,NE,307,110,1961.0,0.0,0.0,2.0,2.0,33.0,23.0,0.696969696969697,417,103.97727272727273,26,True
182,2009102505,IND,235,157,1868.0,0.0,1.0,0.0,1.0,34.0,23.0,0.6764705882352942,392,116.66666666666667,25,True
183,2009102505,STL,117,155,1588.0,0.0,0.0,1.0,1.0,28.0,14.0,0.5,272,46.279761904761905,30,False
184,2009102504,MIN,297,90,2026.0,33.0,1.0,1.0,2.0,55.0,34.0,0.6181818181818182,387,68.52272727272727,22,True
185,2009102504,PIT,153,106,1354.0,0.0,2.0,0.0,2.0,28.0,14.0,0.5,259,78.42261904761904,20,False
186,2009102503,SD,268,138,1847.0,0.0,0.0,0.0,0.0,30.0,18.0,0.6,406,122.6388888888889,33,True
187,2009102503,KC,82,121,1606.0,15.0,0.0,2.0,2.0,29.0,11.0,0.3793103448275862,203,28.23275862068966,31,False
188,2009102502,HOU,246,91,1739.0,15.0,1.0,0.0,1.0,32.0,20.0,0.625,337,107.03125,26,True
189,2009102502,SF,238,59,1763.0,0.0,0.0,0.0,0.0,33.0,21.0,0.6363636363636364,297,115.46717171717171,19,False
190,2009102501,CLE,81,58,1329.0,25.0,3.0,1.0,4.0,31.0,12.0,0.3870967741935484,139,31.787634408602152,21,False
191,2009102501,GB,258,202,2162.0,30.0,0.0,0.0,0.0,22.0,16.0,0.7272727272727273,460,157.00757575757575,41,True
192,2009102508,OAK,144,119,1411.0,0.0,2.0,2.0,4.0,33.0,16.0,0.48484848484848486,263,35.41666666666667,19,False
193,2009102508,NYJ,131,317,1755.0,0.0,3.0,0.0,3.0,16.0,9.0,0.5625,448,103.90625,53,True
194,2009102507,CAR,309,116,1975.0,3.0,0.0,3.0,3.0,45.0,27.0,0.6,425,52.916666666666664,25,False
195,2009102507,BUF,114,56,1458.0,0.0,0.0,0.0,0.0,24.0,11.0,0.4583333333333333,170,73.95833333333334,27,True
196,2009102510,NO,276,138,1886.0,0.0,2.0,3.0,5.0,43.0,22.0,0.5116279069767442,414,50.145348837209305,27,False
197,2009102510,MIA,197,137,1425.0,35.0,1.0,2.0,3.0,39.0,18.0,0.46153846153846156,334,40.22435897435898,30,True
198,2009102509,ATL,174,124,1851.0,0.0,3.0,2.0,5.0,39.0,19.0,0.48717948717948717,298,56.99786324786324,26,False
199,2009102509,DAL,299,117,1416.0,10.0,2.0,0.0,2.0,31.0,21.0,0.6774193548387096,416,130.9811827956989,25,True
200,2009102500,CIN,233,215,2206.0,0.0,0.0,0.0,0.0,24.0,20.0,0.8333333333333334,448,181.42361111111114,45,True
201,2009102500,CHI,244,35,1318.0,14.0,3.0,3.0,6.0,39.0,27.0,0.6923076923076923,279,62.33974358974358,12,False
202,2009102511,ARI,216,75,1734.0,15.0,2.0,1.0,3.0,38.0,20.0,0.5263157894736842,291,67.43421052631578,19,True
203,2009102511,NYG,220,108,1819.0,1.0,1.0,3.0,4.0,40.0,19.0,0.475,328,41.66666666666667,25,False
204,2009102600,PHI,140,128,1693.0,5.0,1.0,0.0,1.0,29.0,16.0,0.5517241379310345,268,79.66954022988504,23,False
205,2009102600,WAS,246,62,1778.0,15.0,3.0,1.0,4.0,49.0,29.0,0.5918367346938775,308,77.42346938775509,19,True
206,2009110100,DEN,134,66,1435.0,0.0,1.0,0.0,1.0,38.0,23.0,0.6052631578947368,200,67.21491228070175,19,False
207,2009110100,BAL,167,126,2039.0,15.0,1.0,0.0,1.0,26.0,20.0,0.7692307692307693,293,105.76923076923077,34,True
208,2009110101,HOU,255,190,2259.0,0.0,1.0,2.0,3.0,37.0,25.0,0.6756756756756757,445,64.58333333333334,36,True
209,2009110101,BUF,107,97,1237.0,15.0,0.0,1.0,1.0,24.0,15.0,0.625,204,55.38194444444445,20,False
210,2009110102,CLE,74,117,1269.0,5.0,4.0,2.0,6.0,21.0,7.0,0.3333333333333333,191,4.861111111111111,29,False
211,2009110102,CHI,199,172,2143.0,0.0,0.0,1.0,1.0,34.0,17.0,0.5,371,55.882352941176464,35,True
212,2009110103,DAL,249,113,2085.0,5.0,2.0,0.0,2.0,38.0,21.0,0.5526315789473685,362,101.75438596491229,29,True
213,2009110103,SEA,229,79,1509.0,0.0,2.0,0.0,2.0,41.0,22.0,0.5365853658536586,308,86.33130081300813,22,False
214,2009110104,DET,164,127,1867.0,0.0,0.0,1.0,1.0,36.0,14.0,0.3888888888888889,291,41.898148148148145,33,False
215,2009110104,STL,212,154,1625.0,0.0,0.0,1.0,1.0,36.0,18.0,0.5,366,65.97222222222221,24,True
216,2009110106,SF,182,113,1551.0,15.0,1.0,1.0,2.0,36.0,19.0,0.5277777777777778,295,64.81481481481482,18,False
217,2009110106,IND,349,61,1684.0,13.0,1.0,0.0,1.0,53.0,32.0,0.6037735849056604,410,86.12421383647799,21,True
218,2009110111,PHI,211,181,1485.0,15.0,2.0,0.0,2.0,25.0,17.0,0.68,392,133.91666666666666,23,True
219,2009110111,NYG,215,141,2034.0,5.0,1.0,2.0,3.0,41.0,20.0,0.4878048780487805,356,52.38821138211382,32,False
220,2009110107,NYJ,251,127,2087.0,15.0,2.0,0.0,2.0,39.0,20.0,0.5128205128205128,378,88.72863247863249,40,True
221,2009110107,MIA,52,57,1392.0,5.0,0.0,0.0,0.0,29.0,12.0,0.41379310344827586,109,55.5316091954023,20,False
222,2009110108,OAK,81,99,1753.0,0.0,1.0,1.0,2.0,27.0,14.0,0.5185185185185185,180,42.361111111111114,27,False
223,2009110108,SD,246,100,1792.0,0.0,0.0,0.0,0.0,25.0,16.0,0.64,346,109.74999999999999,30,True
224,2009110109,TEN,125,307,2377.0,0.0,0.0,0.0,0.0,18.0,15.0,0.8333333333333334,432,118.9814814814815,47,True
225,2009110109,JAC,113,217,1188.0,13.0,2.0,2.0,4.0,32.0,14.0,0.4375,330,27.213541666666668,16,False
226,2009110110,CAR,85,271,1962.0,15.0,0.0,0.0,0.0,16.0,7.0,0.4375,356,81.51041666666666,43,False
227,2009110110,ARI,226,94,1599.0,0.0,1.0,5.0,6.0,46.0,27.0,0.5869565217391305,320,40.67028985507247,17,True
228,2009110105,GB,261,90,1927.0,16.0,3.0,0.0,3.0,49.0,27.0,0.5510204081632653,351,90.60374149659864,19,False
229,2009110105,MIN,244,111,1659.0,15.0,1.0,0.0,1.0,28.0,17.0,0.6071428571428571,355,136.60714285714286,32,True
230,2009110200,ATL,281,161,1537.0,0.0,0.0,3.0,3.0,42.0,19.0,0.4523809523809524,442,45.83333333333334,24,False
231,2009110200,NO,291,147,1996.0,15.0,3.0,1.0,4.0,35.0,25.0,0.7142857142857143,438,103.39285714285712,34,True
232,2009110800,ATL,125,184,1327.0,14.0,0.0,1.0,1.0,25.0,17.0,0.68,309,76.25,24,True
233,2009110800,WAS,176,136,2022.0,15.0,0.0,1.0,1.0,32.0,19.0,0.59375,312,71.875,32,True
234,2009110801,ARI,256,182,1982.0,0.0,1.0,1.0,2.0,34.0,22.0,0.6470588235294118,438,124.1421568627451,31,True
235,2009110801,CHI,347,70,1520.0,15.0,0.0,1.0,1.0,50.0,29.0,0.58,417,91.0,12,False
236,2009110802,CIN,223,146,2396.0,15.0,1.0,0.0,1.0,34.0,20.0,0.5882352941176471,369,88.23529411764707,39,True
237,2009110802,BAL,160,55,1113.0,10.0,0.0,2.0,2.0,36.0,18.0,0.5,215,39.120370370370374,17,False
238,2009110803,IND,306,72,1549.0,15.0,1.0,2.0,3.0,53.0,34.0,0.6415094339622641,378,70.16509433962264,18,True
239,2009110803,HOU,301,81,1889.0,0.0,1.0,2.0,3.0,43.0,32.0,0.7441860465116279,382,81.6375968992248,26,True
240,2009110804,JAC,253,175,2137.0,0.0,1.0,0.0,1.0,28.0,18.0,0.6428571428571429,428,105.20833333333334,39,True
241,2009110804,KC,243,60,1369.0,0.0,1.0,0.0,1.0,43.0,23.0,0.5348837209302325,303,85.70736434108527,14,False
242,2009110805,NE,325,109,1632.0,0.0,0.0,1.0,1.0,40.0,25.0,0.625,434,85.9375,24,True
243,2009110805,MIA,201,133,1805.0,0.0,1.0,0.0,1.0,39.0,20.0,0.5128205128205128,334,74.83974358974358,31,False
244,2009110806,TB,200,81,1315.0,0.0,2.0,1.0,3.0,33.0,14.0,0.42424242424242425,281,80.36616161616162,25,False
245,2009110806,GB,234,170,2046.0,0.0,0.0,3.0,3.0,41.0,17.0,0.4146341463414634,404,46.1890243902439,32,True
246,2009110807,CAR,189,182,1945.0,7.0,5.0,0.0,5.0,31.0,17.0,0.5483870967741935,371,73.18548387096774,39,True
247,2009110807,NO,330,85,1555.0,15.0,2.0,1.0,3.0,36.0,24.0,0.6666666666666666,415,93.5185185185185,22,False
248,2009110808,DET,186,114,1640.0,15.0,1.0,5.0,6.0,42.0,22.0,0.5238095238095238,300,30.456349206349216,21,True
249,2009110808,SEA,342,55,1770.0,0.0,3.0,1.0,4.0,54.0,40.0,0.7407407407407407,397,88.6574074074074,18,False
250,2009110809,NYG,188,116,2234.0,0.0,2.0,0.0,2.0,38.0,25.0,0.6578947368421053,304,95.06578947368422,29,False
251,2009110809,SD,192,34,1335.0,0.0,1.0,2.0,3.0,38.0,24.0,0.631578947368421,226,80.15350877192982,15,True
252,2009110810,TEN,163,154,1574.0,28.0,0.0,0.0,0.0,21.0,12.0,0.5714285714285714,317,82.04365079365078,32,False
253,2009110810,SF,250,108,2014.0,0.0,2.0,3.0,5.0,49.0,29.0,0.5918367346938775,358,60.756802721088434,20,True
254,2009110811,DAL,282,79,1584.0,0.0,0.0,0.0,0.0,37.0,21.0,0.5675675675675675,361,90.14639639639638,20,True
255,2009110811,PHI,208,89,1735.0,30.0,0.0,1.0,1.0,32.0,16.0,0.5,297,68.22916666666666,23,False
256,2009110900,DEN,215,27,1607.0,0.0,0.0,3.0,3.0,40.0,23.0,0.575,242,41.14583333333333,14,False
257,2009110900,PIT,202,176,1981.0,0.0,1.0,0.0,1.0,31.0,21.0,0.6774193548387096,378,117.94354838709677,27,True
258,2009111200,CHI,307,43,1419.0,35.0,1.0,5.0,6.0,50.0,29.0,0.58,350,34.33333333333333,21,False
259,2009111200,SF,106,110,1900.0,0.0,1.0,1.0,2.0,25.0,16.0,0.64,216,56.41666666666667,28,True
260,2009111500,CAR,195,186,1581.0,15.0,1.0,0.0,1.0,24.0,15.0,0.625,381,115.7986111111111,33,True
261,2009111500,ATL,224,176,1926.0,3.0,0.0,2.0,2.0,42.0,22.0,0.5238095238095238,400,56.051587301587304,29,False
262,2009111507,DEN,185,120,1017.0,0.0,1.0,1.0,2.0,34.0,14.0,0.4117647058823529,305,66.42156862745098,22,False
263,2009111507,WAS,214,174,2134.0,0.0,0.0,0.0,0.0,29.0,18.0,0.6206896551724138,388,107.54310344827587,40,True
264,2009111506,TEN,210,168,1843.0,15.0,2.0,1.0,3.0,25.0,17.0,0.68,378,90.41666666666669,35,False
265,2009111506,BUF,207,89,1595.0,5.0,1.0,1.0,2.0,37.0,21.0,0.5675675675675675,296,79.4481981981982,20,True
266,2009111505,STL,293,141,1772.0,0.0,1.0,1.0,2.0,43.0,26.0,0.6046511627906976,434,86.67635658914729,29,False
267,2009111505,NO,217,203,1622.0,0.0,1.0,2.0,3.0,26.0,18.0,0.6923076923076923,420,88.14102564102564,29,True
268,2009111504,CIN,157,66,1675.0,0.0,0.0,0.0,0.0,33.0,18.0,0.5454545454545454,223,67.3611111111111,25,True
269,2009111504,PIT,146,80,1846.0,15.0,1.0,1.0,2.0,44.0,20.0,0.45454545454545453,226,44.31818181818182,18,False
270,2009111503,NYJ,212,110,1730.0,0.0,1.0,2.0,3.0,32.0,16.0,0.5,322,55.729166666666664,29,False
271,2009111503,JAC,208,142,1573.0,10.0,1.0,0.0,1.0,28.0,16.0,0.5714285714285714,350,92.55952380952381,30,True
272,2009111501,TB,180,122,1703.0,40.0,4.0,0.0,4.0,30.0,16.0,0.5333333333333333,302,82.6388888888889,31,False
273,2009111501,MIA,175,199,1842.0,15.0,1.0,1.0,2.0,30.0,17.0,0.5666666666666667,374,70.83333333333334,36,True
274,2009111502,MIN,340,156,1721.0,15.0,2.0,0.0,2.0,32.0,20.0,0.625,496,108.85416666666667,27,True
275,2009111502,DET,204,93,1760.0,15.0,2.0,0.0,2.0,54.0,29.0,0.5370370370370371,297,68.75,22,False
276,2009111508,OAK,90,182,1842.0,0.0,0.0,1.0,1.0,32.0,13.0,0.40625,272,34.63541666666667,30,False
277,2009111508,KC,206,113,1711.0,0.0,3.0,1.0,4.0,37.0,19.0,0.5135135135135135,319,56.81306306306306,30,True
278,2009111510,GB,178,106,2117.0,40.0,1.0,0.0,1.0,38.0,25.0,0.6578947368421053,284,85.19736842105262,27,True
279,2009111510,DAL,217,61,1433.0,0.0,3.0,1.0,4.0,44.0,24.0,0.5454545454545454,278,66.19318181818181,14,False
280,2009111509,SEA,308,164,1714.0,13.0,0.0,2.0,2.0,57.0,27.0,0.47368421052631576,472,55.29970760233919,24,False
281,2009111509,ARI,340,125,1742.0,65.0,0.0,0.0,0.0,37.0,29.0,0.7837837837837838,465,123.70495495495494,27,True
282,2009111511,SD,212,119,1815.0,21.0,0.0,0.0,0.0,27.0,20.0,0.7407407407407407,331,121.21913580246914,28,True
283,2009111511,PHI,433,29,1751.0,15.0,0.0,1.0,1.0,58.0,35.0,0.603448275862069,462,87.78735632183908,13,False
284,2009111512,IND,316,91,1481.0,0.0,0.0,1.0,1.0,44.0,28.0,0.6363636363636364,407,105.87121212121214,18,True
285,2009111512,NE,364,114,2108.0,0.0,2.0,1.0,3.0,44.0,29.0,0.6590909090909091,478,104.73484848484848,27,False
286,2009111600,BAL,140,134,1894.0,0.0,0.0,0.0,0.0,22.0,13.0,0.5909090909090909,274,77.8409090909091,36,True
287,2009111600,CLE,74,87,1630.0,0.0,1.0,1.0,2.0,34.0,13.0,0.38235294117647056,161,30.759803921568622,25,False
288,2009111900,CAR,201,184,1671.0,15.0,0.0,1.0,1.0,44.0,19.0,0.4318181818181818,385,55.208333333333336,28,False
289,2009111900,MIA,172,154,1871.0,0.0,2.0,0.0,2.0,29.0,17.0,0.5862068965517241,326,87.14080459770116,31,True
290,2009112200,IND,299,77,1470.0,0.0,1.0,2.0,3.0,31.0,22.0,0.7096774193548387,376,85.28225806451614,24,False
291,2009112200,BAL,256,98,1903.0,15.0,0.0,1.0,1.0,34.0,23.0,0.6764705882352942,354,77.57352941176471,31,True
292,2009112208,NO,187,186,1871.0,30.0,0.0,0.0,0.0,29.0,19.0,0.6551724137931034,373,118.0316091954023,33,True
293,2009112208,TB,100,119,1618.0,0.0,1.0,3.0,4.0,35.0,17.0,0.4857142857142857,219,28.27380952380953,23,False
294,2009112207,NYG,368,88,1671.0,24.0,1.0,1.0,2.0,40.0,25.0,0.625,456,107.08333333333333,26,True
295,2009112207,ATL,262,91,1900.0,0.0,1.0,0.0,1.0,48.0,26.0,0.5416666666666666,353,83.85416666666666,29,False
296,2009112206,SEA,208,4,1045.0,24.0,2.0,1.0,3.0,32.0,19.0,0.59375,212,65.625,12,False
297,2009112206,MIN,271,161,2418.0,0.0,0.0,0.0,0.0,35.0,28.0,0.8,432,148.63095238095238,36,True
298,2009112205,PIT,401,114,2631.0,40.0,2.0,2.0,4.0,47.0,33.0,0.7021276595744681,515,99.68971631205675,31,False
299,2009112205,KC,214,69,1169.0,0.0,1.0,0.0,1.0,35.0,15.0,0.42857142857142855,283,82.32142857142857,19,True
300,2009112204,BUF,290,53,1297.0,15.0,2.0,2.0,4.0,33.0,18.0,0.5454545454545454,343,69.00252525252525,19,False
301,2009112204,JAC,208,105,2173.0,0.0,2.0,1.0,3.0,32.0,21.0,0.65625,313,81.25,34,True
302,2009112201,DAL,152,154,1868.0,0.0,1.0,1.0,2.0,28.0,15.0,0.5357142857142857,306,66.36904761904762,32,False
303,2009112201,WAS,246,78,1714.0,0.0,0.0,1.0,1.0,38.0,24.0,0.631578947368421,324,70.72368421052632,20,True
304,2009112202,CLE,308,133,1797.0,10.0,0.0,0.0,0.0,34.0,22.0,0.6470588235294118,441,132.9656862745098,41,False
305,2009112202,DET,416,57,1390.0,0.0,1.0,1.0,2.0,39.0,26.0,0.6666666666666666,473,134.1346153846154,17,True
306,2009112203,GB,326,162,2086.0,15.0,1.0,0.0,1.0,46.0,32.0,0.6956521739130435,488,104.07608695652175,29,True
307,2009112203,SF,215,69,1093.0,0.0,0.0,1.0,1.0,36.0,16.0,0.4444444444444444,284,80.20833333333334,10,False
308,2009112209,ARI,261,184,1850.0,10.0,2.0,0.0,2.0,35.0,25.0,0.7142857142857143,445,111.72619047619048,29,True
309,2009112209,STL,191,123,1695.0,5.0,2.0,1.0,3.0,39.0,19.0,0.48717948717948717,314,52.40384615384615,27,False
310,2009112210,DEN,156,115,1309.0,5.0,2.0,1.0,3.0,36.0,17.0,0.4722222222222222,271,47.91666666666667,17,False
311,2009112210,SD,145,203,2285.0,15.0,0.0,0.0,0.0,22.0,17.0,0.7727272727272727,348,109.09090909090911,43,True
312,2009112212,CIN,171,177,2276.0,0.0,4.0,1.0,5.0,25.0,14.0,0.56,348,60.583333333333336,43,False
313,2009112212,OAK,183,92,1284.0,0.0,2.0,1.0,3.0,32.0,17.0,0.53125,275,77.99479166666666,22,True
314,2009112211,NE,299,111,2395.0,0.0,3.0,0.0,3.0,43.0,28.0,0.6511627906976745,410,93.0717054263566,35,True
315,2009112211,NYJ,122,104,1185.0,5.0,1.0,4.0,5.0,23.0,8.0,0.34782608695652173,226,-4.800724637681161,26,False
316,2009112213,PHI,220,159,1857.0,0.0,3.0,1.0,4.0,36.0,24.0,0.6666666666666666,379,90.04629629629629,28,True
317,2009112213,CHI,160,126,1711.0,15.0,0.0,1.0,1.0,44.0,24.0,0.5454545454545454,286,60.79545454545454,20,False
318,2009112300,HOU,283,57,1637.0,30.0,0.0,0.0,0.0,42.0,25.0,0.5952380952380952,340,95.63492063492063,17,True
319,2009112300,TEN,116,229,1925.0,0.0,1.0,0.0,1.0,22.0,12.0,0.5454545454545454,345,84.6590909090909,41,True
320,2009112600,DET,199,73,1478.0,8.0,1.0,4.0,5.0,45.0,20.0,0.4444444444444444,272,27.91666666666666,23,False
321,2009112600,GB,342,80,2058.0,15.0,1.0,0.0,1.0,39.0,28.0,0.717948717948718,422,124.09188034188034,27,True
322,2009112601,OAK,181,124,1694.0,15.0,1.0,0.0,1.0,38.0,18.0,0.47368421052631576,305,70.17543859649122,24,False
323,2009112601,DAL,299,196,1829.0,0.0,0.0,0.0,0.0,31.0,18.0,0.5806451612903226,495,112.16397849462365,24,True
324,2009112602,NYG,210,57,1396.0,15.0,3.0,1.0,4.0,43.0,24.0,0.5581395348837209,267,59.25387596899224,16,False
325,2009112602,DEN,235,139,2017.0,5.0,0.0,1.0,1.0,29.0,18.0,0.6206896551724138,374,84.69827586206897,39,True
326,2009112901,BUF,207,131,1699.0,0.0,0.0,1.0,1.0,32.0,17.0,0.53125,338,70.703125,23,True
327,2009112901,MIA,168,157,1887.0,15.0,0.0,4.0,4.0,33.0,17.0,0.5151515151515151,325,25.820707070707073,37,False
328,2009112900,ATL,222,76,1891.0,24.0,1.0,0.0,1.0,48.0,25.0,0.5208333333333334,298,78.64583333333334,25,True
329,2009112900,TB,245,73,1696.0,12.0,2.0,0.0,2.0,31.0,20.0,0.6451612903225806,318,110.28225806451613,26,False
330,2009112902,CLE,111,58,1310.0,15.0,0.0,0.0,0.0,36.0,16.0,0.4444444444444444,169,51.967592592592595,18,False
331,2009112902,CIN,96,212,2166.0,10.0,1.0,0.0,1.0,26.0,13.0,0.5,308,71.9551282051282,43,True
332,2009112907,SEA,95,171,1571.0,0.0,2.0,0.0,2.0,26.0,14.0,0.5384615384615384,266,62.17948717948718,30,False
333,2009112907,STL,251,113,1687.0,0.0,0.0,1.0,1.0,49.0,28.0,0.5714285714285714,364,69.34523809523809,28,True
334,2009112903,HOU,274,123,1932.0,0.0,1.0,2.0,3.0,44.0,31.0,0.7045454545454546,397,82.95454545454545,23,True
335,2009112903,IND,228,116,1662.0,0.0,0.0,1.0,1.0,36.0,27.0,0.75,344,107.17592592592592,22,False
336,2009112905,CAR,104,75,1584.0,0.0,0.0,4.0,4.0,37.0,14.0,0.3783783783783784,179,0.2815315315315361,25,True
337,2009112905,NYJ,144,139,1994.0,5.0,2.0,1.0,3.0,21.0,13.0,0.6190476190476191,283,62.40079365079364,39,True
338,2009112906,WAS,221,82,1790.0,0.0,0.0,2.0,2.0,38.0,22.0,0.5789473684210527,303,70.17543859649122,25,False
339,2009112906,PHI,260,125,1773.0,0.0,0.0,1.0,1.0,39.0,21.0,0.5384615384615384,385,72.59615384615384,27,True
340,2009112910,SF,232,54,1736.0,0.0,0.0,0.0,0.0,41.0,27.0,0.6585365853658537,286,96.79878048780489,18,True
341,2009112910,JAC,261,96,1684.0,15.0,2.0,0.0,2.0,41.0,25.0,0.6097560975609756,357,79.42073170731709,19,False
342,2009112909,SD,332,94,1958.0,18.0,1.0,0.0,1.0,29.0,22.0,0.7586206896551724,426,135.99137931034483,34,True
343,2009112909,KC,170,114,1463.0,0.0,4.0,1.0,5.0,33.0,20.0,0.6060606060606061,284,71.52777777777779,23,False
344,2009112908,ARI,217,75,1701.0,0.0,1.0,0.0,1.0,32.0,21.0,0.65625,292,85.02604166666666,20,False
345,2009112908,TEN,369,163,1636.0,0.0,1.0,0.0,1.0,47.0,27.0,0.574468085106383,532,89.76063829787235,23,True
346,2009112904,MIN,378,163,2209.0,25.0,2.0,0.0,2.0,49.0,32.0,0.6530612244897959,541,109.0561224489796,32,True
347,2009112904,CHI,126,43,1098.0,0.0,0.0,1.0,1.0,26.0,18.0,0.6923076923076923,169,76.7628205128205,11,False
348,2009112911,PIT,145,153,2068.0,0.0,0.0,1.0,1.0,26.0,12.0,0.46153846153846156,298,60.57692307692307,38,False
349,2009112911,BAL,261,134,1658.0,0.0,3.0,0.0,3.0,40.0,23.0,0.575,395,85.52083333333333,28,True
350,2009113000,NO,367,114,1601.0,20.0,0.0,0.0,0.0,24.0,18.0,0.75,481,197.74305555555554,25,True
351,2009113000,NE,244,122,1924.0,0.0,2.0,2.0,4.0,42.0,23.0,0.5476190476190477,366,52.083333333333336,28,False
352,2009120300,BUF,71,123,1466.0,0.0,2.0,1.0,3.0,26.0,9.0,0.34615384615384615,194,26.282051282051285,24,False
353,2009120300,NYJ,82,251,2034.0,0.0,2.0,0.0,2.0,22.0,8.0,0.36363636363636365,333,63.06818181818182,41,True
354,2009120600,ATL,234,61,1507.0,0.0,1.0,2.0,3.0,46.0,23.0,0.5,295,54.07608695652174,22,False
355,2009120600,PHI,277,103,1763.0,15.0,0.0,0.0,0.0,29.0,16.0,0.5517241379310345,380,110.84770114942528,26,True
356,2009120613,NE,352,96,1612.0,0.0,0.0,2.0,2.0,29.0,19.0,0.6551724137931034,448,101.50862068965516,25,False
357,2009120613,MIA,328,89,1868.0,5.0,2.0,0.0,2.0,52.0,29.0,0.5576923076923077,417,87.66025641025642,26,True
358,2009120608,NO,408,55,1766.0,45.0,1.0,1.0,2.0,50.0,35.0,0.7,463,99.41666666666666,24,True
359,2009120608,WAS,367,89,1946.0,0.0,1.0,1.0,2.0,42.0,30.0,0.7142857142857143,456,111.90476190476188,24,False
360,2009120607,PIT,269,133,1619.0,0.0,0.0,1.0,1.0,25.0,18.0,0.72,402,116.91666666666667,26,True
361,2009120607,OAK,287,109,1957.0,20.0,1.0,0.0,1.0,36.0,20.0,0.5555555555555556,396,109.375,28,True
362,2009120606,DEN,168,249,1838.0,0.0,2.0,1.0,3.0,28.0,15.0,0.5357142857142857,417,80.6547619047619,42,True
363,2009120606,KC,128,94,1416.0,15.0,2.0,2.0,4.0,45.0,16.0,0.35555555555555557,222,25.046296296296294,26,False
364,2009120601,CAR,152,158,1749.0,15.0,0.0,1.0,1.0,21.0,14.0,0.6666666666666666,310,67.95634920634922,32,True
365,2009120601,TB,315,154,1780.0,15.0,0.0,5.0,5.0,45.0,23.0,0.5111111111111111,469,27.546296296296298,26,False
366,2009120602,CHI,128,122,1634.0,15.0,4.0,0.0,4.0,20.0,9.0,0.45,250,82.91666666666666,36,True
367,2009120602,STL,98,135,1923.0,25.0,1.0,1.0,2.0,34.0,17.0,0.5,233,43.504901960784316,30,False
368,2009120603,DET,165,81,1284.0,15.0,0.0,2.0,2.0,33.0,13.0,0.3939393939393939,246,40.59343434343434,19,True
369,2009120603,CIN,202,122,2236.0,35.0,1.0,2.0,3.0,30.0,17.0,0.5666666666666667,324,60.69444444444444,41,False
370,2009120604,IND,270,90,1595.0,10.0,0.0,0.0,0.0,36.0,24.0,0.6666666666666666,360,98.14814814814814,25,True
371,2009120604,TEN,233,142,1957.0,25.0,3.0,1.0,4.0,44.0,24.0,0.5454545454545454,375,75.2840909090909,33,False
372,2009120605,JAC,216,110,1530.0,30.0,1.0,0.0,1.0,32.0,15.0,0.46875,326,90.10416666666666,33,True
373,2009120605,HOU,233,68,1754.0,5.0,1.0,3.0,4.0,40.0,22.0,0.55,301,49.270833333333336,22,False
374,2009120609,CLE,257,115,1807.0,0.0,1.0,0.0,1.0,47.0,25.0,0.5319148936170213,372,90.46985815602837,23,False
375,2009120609,SD,386,94,1748.0,0.0,0.0,0.0,0.0,27.0,19.0,0.7037037037037037,480,144.98456790123458,29,True
376,2009120612,SEA,185,107,1831.0,0.0,2.0,0.0,2.0,40.0,26.0,0.65,292,92.1875,29,True
377,2009120612,SF,303,53,1731.0,15.0,1.0,0.0,1.0,46.0,27.0,0.5869565217391305,356,92.93478260869567,12,False
378,2009120611,DAL,379,45,2302.0,0.0,1.0,0.0,1.0,56.0,41.0,0.7321428571428571,424,109.1517857142857,23,True
379,2009120611,NYG,237,102,1249.0,0.0,2.0,1.0,3.0,26.0,11.0,0.4230769230769231,339,84.93589743589743,21,False
380,2009120610,ARI,285,114,1694.0,0.0,1.0,0.0,1.0,32.0,22.0,0.6875,399,127.734375,22,True
381,2009120610,MIN,253,62,1861.0,10.0,0.0,2.0,2.0,48.0,30.0,0.625,315,72.65625,20,False
382,2009120700,GB,256,95,2153.0,0.0,1.0,2.0,3.0,41.0,26.0,0.6341463414634146,351,85.01016260162602,26,True
383,2009120700,BAL,119,66,1412.0,15.0,2.0,2.0,4.0,38.0,15.0,0.39473684210526316,185,34.868421052631575,21,False
384,2009121000,CLE,84,171,1668.0,15.0,0.0,0.0,0.0,20.0,6.0,0.3,255,44.58333333333333,37,True
385,2009121000,PIT,141,75,1791.0,15.0,0.0,0.0,0.0,40.0,18.0,0.45,216,54.270833333333336,22,False
386,2009121303,HOU,365,85,1935.0,10.0,1.0,1.0,2.0,39.0,29.0,0.7435897435897436,450,109.45512820512822,28,True
387,2009121303,SEA,220,62,1549.0,0.0,4.0,1.0,5.0,38.0,24.0,0.631578947368421,282,76.64473684210526,24,False
388,2009121306,KC,202,152,1647.0,25.0,1.0,4.0,5.0,45.0,26.0,0.5777777777777777,354,31.89814814814814,26,False
389,2009121306,BUF,73,200,1829.0,0.0,2.0,1.0,3.0,22.0,12.0,0.5454545454545454,273,57.57575757575757,35,True
390,2009121307,CIN,91,119,1648.0,15.0,1.0,0.0,1.0,29.0,16.0,0.5517241379310345,210,72.62931034482759,24,False
391,2009121307,MIN,180,143,1829.0,20.0,0.0,1.0,1.0,32.0,17.0,0.53125,323,67.1875,35,True
392,2009121308,CAR,179,126,1479.0,5.0,0.0,0.0,0.0,32.0,15.0,0.46875,305,74.86979166666666,24,False
393,2009121308,NE,192,187,1936.0,0.0,2.0,1.0,3.0,32.0,19.0,0.59375,379,73.95833333333334,38,True
394,2009121309,TB,81,44,1482.0,5.0,1.0,3.0,4.0,36.0,14.0,0.3888888888888889,125,9.143518518518524,19,False
395,2009121309,NYJ,135,176,2103.0,30.0,1.0,0.0,1.0,24.0,13.0,0.5416666666666666,311,70.65972222222221,41,True
396,2009121304,IND,220,95,1597.0,0.0,0.0,2.0,2.0,40.0,20.0,0.5,315,79.16666666666666,25,True
397,2009121304,DEN,262,95,1898.0,0.0,0.0,1.0,1.0,44.0,29.0,0.6590909090909091,357,87.5,31,False
398,2009121305,MIA,208,147,2100.0,5.0,5.0,1.0,6.0,31.0,21.0,0.6774193548387096,355,73.0510752688172,39,True
399,2009121305,JAC,122,95,1492.0,0.0,0.0,0.0,0.0,29.0,11.0,0.3793103448275862,217,51.22126436781609,25,False
400,2009121302,CHI,195,60,1696.0,15.0,0.0,2.0,2.0,39.0,23.0,0.5897435897435898,255,67.78846153846155,16,False
401,2009121302,GB,171,149,1866.0,15.0,2.0,0.0,2.0,27.0,16.0,0.5925925925925926,320,77.85493827160494,29,True
402,2009121301,DET,126,103,1729.0,15.0,1.0,2.0,3.0,34.0,16.0,0.47058823529411764,229,32.23039215686275,32,False
403,2009121301,BAL,240,309,1641.0,15.0,1.0,0.0,1.0,23.0,15.0,0.6521739130434783,549,114.40217391304348,39,True
404,2009121300,ATL,303,89,1343.0,0.0,0.0,1.0,1.0,35.0,23.0,0.6571428571428571,392,90.53571428571429,21,False
405,2009121300,NO,296,97,2166.0,25.0,1.0,0.0,1.0,40.0,31.0,0.775,393,122.49999999999999,24,True
406,2009121310,STL,152,88,1901.0,30.0,2.0,5.0,7.0,44.0,27.0,0.6136363636363636,240,27.8409090909091,21,False
407,2009121310,TEN,286,161,1659.0,15.0,0.0,0.0,0.0,26.0,17.0,0.6538461538461539,447,128.0448717948718,29,True
408,2009121311,OAK,162,65,1866.0,0.0,3.0,1.0,4.0,42.0,20.0,0.47619047619047616,227,47.91666666666667,24,False
409,2009121311,WAS,195,101,1645.0,15.0,0.0,0.0,0.0,31.0,16.0,0.5161290322580645,296,92.80913978494624,25,True
410,2009121312,DAL,239,109,1774.0,0.0,1.0,0.0,1.0,31.0,19.0,0.6129032258064516,348,106.78763440860214,26,True
411,2009121312,SD,268,74,1817.0,4.0,0.0,1.0,1.0,33.0,21.0,0.6363636363636364,342,86.42676767676768,30,True
412,2009121313,PHI,299,78,1478.0,15.0,1.0,1.0,2.0,30.0,18.0,0.6,377,101.94444444444446,23,False
413,2009121313,NYG,379,133,2042.0,0.0,3.0,0.0,3.0,41.0,27.0,0.6585365853658537,512,119.8678861788618,31,True
414,2009121400,SF,138,192,2123.0,25.0,1.0,1.0,2.0,35.0,19.0,0.5428571428571428,330,70.89285714285714,33,True
415,2009121400,ARI,160,85,1370.0,15.0,6.0,2.0,8.0,33.0,16.0,0.48484848484848486,245,37.436868686868685,18,False
416,2009121700,JAC,206,139,2086.0,0.0,1.0,1.0,2.0,42.0,23.0,0.5476190476190477,345,82.04365079365078,34,False
417,2009121700,IND,308,64,1454.0,0.0,0.0,1.0,1.0,30.0,23.0,0.7666666666666667,372,139.30555555555554,20,True
418,2009121900,NO,271,66,1435.0,0.0,2.0,1.0,3.0,49.0,29.0,0.5918367346938775,337,72.7465986394558,12,False
419,2009121900,DAL,294,146,2160.0,0.0,0.0,0.0,0.0,37.0,22.0,0.5945945945945946,440,93.75,35,True
420,2009122007,HOU,367,56,1638.0,0.0,2.0,0.0,2.0,39.0,28.0,0.717948717948718,423,109.66880341880344,21,True
421,2009122007,STL,149,88,1747.0,0.0,2.0,1.0,3.0,30.0,18.0,0.6,237,69.99999999999999,26,False
422,2009122003,CLE,66,352,2067.0,0.0,1.0,2.0,3.0,18.0,10.0,0.5555555555555556,418,17.361111111111114,48,True
423,2009122003,KC,323,168,1493.0,0.0,1.0,0.0,1.0,39.0,22.0,0.5641025641025641,491,100.69444444444444,30,False
424,2009122004,ATL,152,88,1746.0,0.0,0.0,0.0,0.0,34.0,16.0,0.47058823529411764,240,69.73039215686273,26,True
425,2009122004,NYJ,215,99,1621.0,45.0,1.0,3.0,4.0,32.0,18.0,0.5625,314,48.30729166666667,33,True
426,2009122001,BUF,136,105,1980.0,0.0,1.0,1.0,2.0,33.0,18.0,0.5454545454545454,241,62.184343434343425,23,False
427,2009122001,NE,115,112,1458.0,22.0,0.0,1.0,1.0,23.0,11.0,0.4782608695652174,227,59.14855072463768,31,True
428,2009122008,TEN,236,128,1612.0,26.0,2.0,1.0,3.0,29.0,14.0,0.4827586206896552,364,96.33620689655173,31,True
429,2009122008,MIA,347,123,2004.0,5.0,1.0,2.0,3.0,46.0,29.0,0.6304347826086957,470,75.18115942028987,31,False
430,2009122002,DET,121,161,1785.0,15.0,0.0,2.0,2.0,33.0,16.0,0.48484848484848486,282,32.51262626262626,27,False
431,2009122002,ARI,223,119,1765.0,0.0,1.0,1.0,2.0,38.0,23.0,0.6052631578947368,342,83.55263157894736,24,True
432,2009122009,OAK,102,241,1844.0,2.0,2.0,1.0,3.0,28.0,14.0,0.5,343,55.95238095238094,34,True
433,2009122009,DEN,257,80,1740.0,0.0,1.0,0.0,1.0,37.0,19.0,0.5135135135135135,337,82.82657657657658,28,False
434,2009122010,SD,296,70,1664.0,0.0,0.0,2.0,2.0,39.0,24.0,0.6153846153846154,366,89.26282051282051,20,True
435,2009122010,CIN,293,116,1877.0,0.0,2.0,1.0,3.0,41.0,27.0,0.6585365853658537,409,92.83536585365853,22,False
436,2009122006,GB,378,60,1500.0,0.0,0.0,0.0,0.0,50.0,26.0,0.52,438,96.91666666666667,12,True
437,2009122006,PIT,472,65,1958.0,0.0,0.0,0.0,0.0,51.0,29.0,0.5686274509803921,537,107.6388888888889,19,False
438,2009122000,CHI,98,123,1621.0,0.0,2.0,3.0,5.0,33.0,12.0,0.36363636363636365,221,6.88131313131313,29,False
439,2009122000,BAL,222,125,1968.0,15.0,1.0,1.0,2.0,35.0,23.0,0.6571428571428571,347,109.46428571428571,30,True
440,2009122005,PHI,306,119,1643.0,0.0,0.0,2.0,2.0,35.0,21.0,0.6,425,74.22619047619047,30,True
441,2009122005,SF,154,107,1730.0,10.0,1.0,3.0,4.0,40.0,20.0,0.5,261,36.875,18,False
442,2009122011,SEA,252,128,1607.0,0.0,2.0,4.0,6.0,47.0,27.0,0.574468085106383,380,43.92730496453901,25,False
443,2009122011,TB,205,138,1985.0,0.0,0.0,1.0,1.0,26.0,16.0,0.6153846153846154,343,95.83333333333334,34,True
444,2009122012,CAR,273,127,1882.0,0.0,3.0,0.0,3.0,36.0,21.0,0.5833333333333334,400,110.06944444444444,37,True
445,2009122012,MIN,196,41,1306.0,15.0,1.0,1.0,2.0,31.0,17.0,0.5483870967741935,237,60.68548387096774,14,False
446,2009122100,NYG,273,116,1908.0,0.0,0.0,0.0,0.0,32.0,22.0,0.6875,389,126.171875,28,True
447,2009122100,WAS,213,89,1447.0,15.0,1.0,3.0,4.0,37.0,17.0,0.4594594594594595,302,39.58333333333333,18,False
448,2009122500,SD,259,170,1992.0,0.0,1.0,0.0,1.0,29.0,21.0,0.7241379310344828,429,122.62931034482759,36,True
449,2009122500,TEN,88,182,1199.0,15.0,1.0,2.0,3.0,22.0,8.0,0.36363636363636365,270,11.174242424242424,27,False
450,2009122700,BUF,138,40,1516.0,0.0,1.0,2.0,3.0,31.0,17.0,0.5483870967741935,178,39.44892473118279,18,False
451,2009122700,ATL,234,158,1805.0,45.0,2.0,0.0,2.0,37.0,18.0,0.4864864864864865,392,96.00225225225225,36,True
452,2009122709,PIT,238,51,1541.0,0.0,1.0,0.0,1.0,36.0,17.0,0.4722222222222222,289,78.24074074074075,20,True
453,2009122709,BAL,148,175,1902.0,25.0,2.0,1.0,3.0,28.0,13.0,0.4642857142857143,323,71.72619047619048,38,False
454,2009122707,TB,263,177,1642.0,15.0,1.0,2.0,3.0,34.0,21.0,0.6176470588235294,440,61.274509803921575,33,False
455,2009122707,NO,249,124,1846.0,0.0,1.0,0.0,1.0,38.0,32.0,0.8421052631578947,373,108.33333333333333,23,True
456,2009122706,NE,267,197,1965.0,0.0,1.0,0.0,1.0,26.0,23.0,0.8846153846153846,464,169.87179487179486,36,True
457,2009122706,JAC,177,98,1592.0,0.0,1.0,2.0,3.0,27.0,19.0,0.7037037037037037,275,57.17592592592593,25,False
458,2009122705,NYG,257,60,1603.0,5.0,4.0,2.0,6.0,47.0,29.0,0.6170212765957447,317,65.64716312056737,19,False
459,2009122705,CAR,169,250,1869.0,5.0,0.0,0.0,0.0,21.0,15.0,0.7142857142857143,419,142.75793650793648,43,True
460,2009122704,HOU,280,128,1876.0,0.0,0.0,1.0,1.0,32.0,20.0,0.625,408,98.4375,30,True
461,2009122704,MIA,303,60,1598.0,0.0,0.0,1.0,1.0,58.0,35.0,0.603448275862069,363,72.70114942528737,16,False
462,2009122701,KC,172,123,1480.0,0.0,1.0,2.0,3.0,37.0,22.0,0.5945945945945946,295,57.488738738738746,28,False
463,2009122701,CIN,130,144,1972.0,0.0,0.0,1.0,1.0,26.0,17.0,0.6538461538461539,274,87.01923076923076,36,True
464,2009122702,OAK,301,88,1739.0,30.0,0.0,3.0,3.0,48.0,26.0,0.5416666666666666,389,47.30902777777777,19,False
465,2009122702,CLE,118,165,1841.0,16.0,1.0,0.0,1.0,19.0,8.0,0.42105263157894735,283,80.59210526315789,45,True
466,2009122703,GB,264,155,1622.0,0.0,1.0,0.0,1.0,30.0,16.0,0.5333333333333333,419,94.30555555555556,30,True
467,2009122703,SEA,176,115,1636.0,15.0,0.0,4.0,4.0,40.0,19.0,0.475,291,26.666666666666668,29,False
468,2009122710,STL,150,88,1523.0,3.0,1.0,3.0,4.0,36.0,20.0,0.5555555555555556,238,40.277777777777786,21,False
469,2009122710,ARI,297,113,1736.0,0.0,2.0,0.0,2.0,40.0,24.0,0.6,410,99.6875,29,True
470,2009122711,DET,175,115,1734.0,0.0,3.0,3.0,6.0,35.0,18.0,0.5142857142857142,290,30.059523809523807,30,False
471,2009122711,SF,226,87,1771.0,0.0,1.0,0.0,1.0,32.0,20.0,0.625,313,94.01041666666666,29,True
472,2009122708,DEN,171,70,1738.0,0.0,0.0,0.0,0.0,41.0,27.0,0.6585365853658537,241,98.72967479674797,18,False
473,2009122708,PHI,289,105,1759.0,15.0,3.0,1.0,4.0,39.0,20.0,0.5128205128205128,394,90.6517094017094,28,True
474,2009122712,IND,222,64,1578.0,0.0,1.0,1.0,2.0,34.0,18.0,0.5294117647058824,286,61.15196078431372,24,True
475,2009122712,NYJ,93,203,1992.0,0.0,0.0,0.0,0.0,22.0,12.0,0.5454545454545454,296,65.15151515151516,43,False
476,2009122713,WAS,175,43,1527.0,0.0,2.0,1.0,3.0,41.0,24.0,0.5853658536585366,218,58.485772357723576,18,False
477,2009122713,DAL,285,109,1966.0,0.0,0.0,1.0,1.0,38.0,25.0,0.6578947368421053,394,85.96491228070175,29,True
478,2009122800,CHI,258,106,1629.0,0.0,0.0,1.0,1.0,37.0,20.0,0.5405405405405406,364,100.95720720720722,27,True
479,2009122800,MIN,300,123,2188.0,0.0,2.0,0.0,2.0,42.0,26.0,0.6190476190476191,423,99.30555555555557,33,False
480,2010010300,BUF,155,251,2103.0,10.0,0.0,0.0,0.0,25.0,16.0,0.64,406,121.25000000000001,39,True
481,2010010300,IND,132,25,1296.0,0.0,1.0,2.0,3.0,36.0,18.0,0.5,157,35.879629629629626,16,False
482,2010010301,CAR,149,179,1691.0,0.0,0.0,0.0,0.0,25.0,14.0,0.56,328,86.91666666666666,36,True
483,2010010301,NO,102,111,1683.0,0.0,1.0,1.0,2.0,28.0,15.0,0.5357142857142857,213,47.023809523809526,32,False
484,2010010310,TB,168,38,1446.0,0.0,1.0,2.0,3.0,33.0,16.0,0.48484848484848486,206,48.5479797979798,22,False
485,2010010310,ATL,214,183,1908.0,0.0,0.0,1.0,1.0,35.0,23.0,0.6571428571428571,397,89.4642857142857,37,True
486,2010010309,STL,22,87,1461.0,10.0,0.0,0.0,0.0,36.0,11.0,0.3055555555555556,109,30.0925925925926,26,False
487,2010010309,SF,204,127,1907.0,5.0,0.0,0.0,0.0,31.0,17.0,0.5483870967741935,331,85.9543010752688,30,True
488,2010010307,MIN,358,132,1971.0,5.0,1.0,0.0,1.0,37.0,29.0,0.7837837837837838,490,143.75,29,True
489,2010010307,NYG,146,35,1366.0,15.0,3.0,1.0,4.0,31.0,20.0,0.6451612903225806,181,62.02956989247311,12,False
490,2010010306,PIT,201,203,1928.0,5.0,2.0,1.0,3.0,31.0,18.0,0.5806451612903226,404,96.30376344086021,35,True
491,2010010306,MIA,204,99,1666.0,15.0,1.0,3.0,4.0,33.0,20.0,0.6060606060606061,303,60.669191919191924,25,False
492,2010010305,HOU,295,146,1846.0,0.0,2.0,1.0,3.0,38.0,24.0,0.631578947368421,441,93.64035087719299,26,True
493,2010010305,NE,243,74,1697.0,0.0,1.0,1.0,2.0,40.0,25.0,0.625,317,69.0625,19,False
494,2010010304,CHI,268,150,1757.0,0.0,1.0,0.0,1.0,38.0,22.0,0.5789473684210527,418,114.80263157894737,28,True
495,2010010304,DET,249,101,1784.0,5.0,1.0,1.0,2.0,35.0,23.0,0.6571428571428571,350,93.63095238095237,24,False
496,2010010302,CLE,86,214,2001.0,0.0,0.0,1.0,1.0,11.0,7.0,0.6363636363636364,300,49.81060606060606,49,True
497,2010010302,JAC,197,131,1371.0,0.0,1.0,1.0,2.0,39.0,22.0,0.5641025641025641,328,76.54914529914528,24,False
498,2010010312,DEN,428,84,1833.0,30.0,0.0,3.0,3.0,58.0,32.0,0.5517241379310345,512,63.00287356321839,22,True
499,2010010312,KC,207,317,1643.0,0.0,1.0,2.0,3.0,25.0,13.0,0.52,524,46.58333333333333,35,False
500,2010010311,GB,236,112,2068.0,0.0,0.0,0.0,0.0,29.0,22.0,0.7586206896551724,348,110.70402298850574,31,True
501,2010010311,ARI,139,48,1346.0,30.0,1.0,3.0,4.0,31.0,19.0,0.6129032258064516,187,42.27150537634408,14,False
502,2010010314,SD,314,50,1648.0,12.0,1.0,1.0,2.0,46.0,28.0,0.6086956521739131,364,86.68478260869566,17,True
503,2010010314,WAS,275,64,1943.0,0.0,1.0,0.0,1.0,43.0,28.0,0.6511627906976745,339,98.49806201550388,22,False
504,2010010313,OAK,274,51,1939.0,0.0,1.0,1.0,2.0,42.0,27.0,0.6428571428571429,325,80.85317460317461,20,False
505,2010010313,BAL,90,243,1475.0,5.0,0.0,0.0,0.0,23.0,11.0,0.4782608695652174,333,58.24275362318841,32,True
506,2010010303,DAL,295,182,2346.0,10.0,0.0,1.0,1.0,36.0,24.0,0.6666666666666666,477,98.72685185185185,29,True
507,2010010303,PHI,191,37,1122.0,18.0,2.0,0.0,2.0,40.0,20.0,0.5,228,63.645833333333336,10,False
508,2010010315,TEN,171,135,1903.0,10.0,1.0,1.0,2.0,26.0,17.0,0.6538461538461539,306,67.94871794871794,37,True
509,2010010315,SEA,169,141,1654.0,10.0,1.0,1.0,2.0,34.0,16.0,0.47058823529411764,310,59.55882352941176,25,False
510,2010010308,NYJ,63,260,2367.0,0.0,0.0,0.0,0.0,16.0,8.0,0.5,323,60.15625,54,True
511,2010010308,CIN,0,72,1124.0,0.0,2.0,1.0,3.0,21.0,4.0,0.19047619047619047,72,-1.8849206349206356,18,False
